Column,Field Name,Type,Example Value,Notes
A,submitted_at,Timestamp (ISO 8601),2026-05-08T09:14:22.000Z,Set by GAS at time of doPost()
B,email,String,founder@company.com,Required — validated by Zod in Next.js route
C,name,String,Sarah Tan,Optional — blank if not provided
D,company,String,FinTech Co Pte Ltd,Optional — blank if not provided
E,track,Enum: esop | intangible_value,esop,Derived from q1_routing answer
F,result_key,String (result code),ESOP_A2_PROVIDER_REVIEW_HOT,Full result code — 16 ESOP codes + 25 IV codes + 2 fallbacks
G,lead_temperature,Enum: hot | warm | warm_low | cold,hot,Internal temperature — warm_low is never shown to user
H,lead_temperature_ui,Enum: hot | warm | cold,hot,Display value — warm_low maps to warm
I,lead_score,Integer 0–100,82,Numeric priority score within the temperature bucket. Not a pass/fail score.
J,report_key,Enum (8 values),esop_compliance_governance,Maps to PDF file to attach — see GAS PDF_FILE_IDS
K,report_title,String,ESOP Compliance and Governance Guide,Human-readable report title from REPORT_TITLES map
L,esop_sub_track,Enum: existing_esop | planning_esop | no_esop | unsure_esop | (blank for IV),existing_esop,Populated for ESOP track only — blank for Intangible Value
M,event_group,Enum: capital_event | exit_event | stakeholder_event | strategic_review | curiosity | (blank for ESOP),capital_event,Populated for Intangible Value track only — blank for ESOP
N,asset_signal_group,Enum: strong_asset_signal | moderate_asset_signal | weak_or_uncertain_asset_signal | (blank for ESOP),strong_asset_signal,Derived from b3 (multi-select assets question) — IV track only
O,documentation_group,Enum: strong_evidence | partial_evidence | weak_or_missing_evidence | (blank for ESOP),weak_or_missing_evidence,Derived from b4 (documentation question) — IV track only
P,pain_group,Enum: strong_pain | moderate_pain | low_or_no_pain | (blank for ESOP),strong_pain,Derived from b2 + b7 — IV track only
Q,tags,Comma-separated strings,esop_hot_lead; esop_stakeholder_pressure,Backend sales triage tags — never user-visible
R,newsletter_opt_in,Yes / No,No,From checkbox on result page
S,referral_code,String,PARTNER01,From ?ref= URL param via localStorage — blank if none
T,answers_json,JSON string,{""a_esop_status"": ""yes_existing""; ...},Full answer map — for debugging and segment analysis

REPORT KEY REFERENCE
report_key,PDF filename,Track
esop_compliance_governance,ESOP_Compliance_and_Governance_Guide.pdf,ESOP
esop_structuring_dilution,ESOP_Structuring_and_Dilution_Guide.pdf,ESOP
esop_communication_legal,ESOP_Communication_and_Legal_Guide.pdf,ESOP
esop_starter,ESOP_Starter_Guide.pdf,ESOP
iv_fundraising_guide,Bain_Squared_Fundraising_Valuation_Guide.pdf,Intangible Value
iv_mna_exit_guide,Bain_Squared_MA_Exit_Valuation_Guide.pdf,Intangible Value
iv_intangible_asset_discovery_guide,Bain_Squared_Intangible_Asset_Discovery_Guide.pdf,Intangible Value
iv_starter_guide,Bain_Squared_Intangible_Value_Starter_Guide.pdf,Intangible Value

LEAD TEMPERATURE RULES
lead_temperature,Internal notify sales?,User sees booking CTA?,Email booking button?
hot,Always,Yes (post-submit booking button),Yes
warm,Only if lead_score >= 70,No,No
warm_low,Only if lead_score >= 70,No (displayed as warm),No
cold,Never,No,No

GOOGLE SHEET SETUP NOTES
Note 1,Sheet tab must be named: Submission Log v3,,
Note 2,First row should be the header row (A–T column names),,
Note 3,Freeze row 1 and enable filter on all columns for CRM use,,
Note 4,Add conditional formatting: column G = hot → red fill | warm → yellow | cold → grey,,
Note 5,lead_score (column I) can be sorted descending to prioritise warm leads for manual review,,
Note 6,Replace REPLACE_WITH_DRIVE_FILE_ID in PDF_FILE_IDS in the GAS script before deploying,,
